student_id,essay_topic
"1007266450",""Exploring the Intersection of Data Science and Film: Analyzing Movie Trends and Audience Preferences to Predict Box Office Success""
"1006965198","The Role of Data Analytics in Enhancing Musical Performance: Bridging the Gap Between Art and Science"
"1007264452","The Role of Data Analytics in Advancing Molecular Biology: Insights for Aspiring Data Analysts"
"1007822260","The Role of Multivariate Generalized Linear Regression Analysis in Predicting Financial Market Trends: Opportunities and Challenges for Aspiring Data Scientists in FinTech"
"1007768015","The Role of Statistical Analysis in Shaping Economic Policies: A Comprehensive Look Through the Lens of an MMA Student"
"1005241132","The Role of Data Analysis in Enhancing Business Decision-Making: Insights and Applications from a Client Analyst's Perspective"
"1006523497","Leveraging Data-Driven Strategies to Address Health Equity Challenges in Healthcare Consulting"
"1008508214",""The Role of Machine Learning in Transforming Financial Forecasting: An Exploration of Techniques and Real-World Applications""
"1012826186","Leveraging Cloud Technology and Machine Learning to Enhance Business Analytics in Multi-Domain Projects: Insights from a Data Scientist's Journey"
"1007483858",""The Intersection of Business Analytics and Data Science in Enhancing Risk Control Strategies in the Tech Industry""
"1007286483","The Role of Quantitative Finance in Revolutionizing Sports Analytics: A Case Study on Analytics-Driven Decision Making in Basketball and Hockey"
"1002946324",""The Intersection of Chemical Engineering Principles and Business Analytics in Sustainable Outdoor Equipment Design""
"1012098258",""The Impact of Cultural Exchange on International Trade: Insights from the Perspective of a Multidisciplinary Student""
"1012156079","The Role of Analytical Intelligence in Bridging Technology and Innovative Ideas: A Case Study on Problem-Solving Approaches in Modern Computing"
"1007021802","Exploring the Intersection of Finance and Global Cultures: How International Cuisines Can Inspire Innovative Financial Strategies in a Diverse World"
"1011925641","The Role of Data Analytics in Transforming Financial Strategies for Soccer Clubs: A Case Study of Arsenal FC"
"1007623118",""The Role of Data Analytics in Revolutionizing Financial Decision-Making: Insights from a Business Administration Graduate with a Passion for Photography and Travel""
"1007638335","The Impact of Data Analytics on Decision-Making in Professional Football: Insights from a Cognitive Science and Economics Perspective"
"1011886924","The Intersection of Economics and Data Analysis: A Pathway to Risk Control in Online Payment Systems"
"1005930771","The Role of Statistical Modeling in Actuarial Science: Applications and Impact in Modern Business Practices"
"1007737898",""Utilizing Data Analytics to Enhance Customer Insight Strategies in E-commerce: A Study Inspired by Xinlin Huang's Academic Journey and Career Aspirations""
"1007764028","Optimizing Delivery-Route Algorithms: The Intersection of Mathematics and Data Science in Daily Business Applications"
"1012563067","The Role of Machine Learning in Enhancing Human-Machine Interactions: Lessons from Design and Analytics"
"1012859177","The Role of Data Science in Transforming Global Aviation Marketing Strategies for an Industrial Engineer with a Passion for Economics"
"1006925945","Leveraging Data Analytics to Enhance Security and Efficiency in Smart Home Energy Systems: Insights from Software Development and Modernization Efforts"
"1012837405","The Impact of Generative AI on Modern Banking: Balancing Technological Advancement and Ethical Considerations"
"1007810317",""The Intersection of Data Analysis and Botanical Care: How Mathematical Techniques Can Revolutionize Plant Growth Strategies""
"1006693589","The Impact of Machine Learning on Business Analytics and Decision-Making: Insights from Bokai Lai's Academic and Professional Journey"
"1012027487","The Integration of Artificial Intelligence in Financial Data Analysis: Opportunities and Challenges for Data-Driven Decision Making in the Modern Business World"
"1005902917","Data-Driven Approaches to Managing Mental Health: A Biostatistical Perspective in the Healthcare and Financial Services Industries"
"1008763606",""The Role of Music Composition and Video Games in Enhancing Marketing Strategies for Global Companies: A Focused Analysis""
"1008124708","Leveraging Financial Analytics in Private Equity: Insights and Applications from Financial Mathematics and Economics"
"1006861120","Leveraging Analytical Skills in the Specialty Coffee Industry: How Financial Analysis and Risk Management Can Enhance a Barista's Career Path"
"1007100236","Integrating Statistical Techniques in Sports Performance Analysis: A Pathway to Business Analytics"
"1012838770","Leveraging Data-Driven Strategies for Sustainable Business Growth at the Intersection of Finance and Analytics"
"1006678301","Analyzing the Impact of Cultural Differences on Investment Strategies: Insights from Working in China and Canada"
"1006921244",""The Role of Data Analytics in Enhancing Financial Risk Management: A Case Study on Modern Banking Practices""
"1007977646","Leveraging Data Analytics and Artificial Intelligence in Everyday Decision-Making: Exploring Transformative Impacts on Consumer Behavior and Urban Lifestyle"
"1007746753","Analyzing the Impact of Predictive Analytics on Business Decision-Making in the Modern Economy"
"1007936003","Leveraging Predictive Analytics for Strategic Decision-Making in the Telecommunications Industry"
"1006833802","The Role of Statistical Analysis in Advancing Technology: Insights from Internships and Personal Interests"
"1008038767","Exploring the Intersection of Artificial Intelligence, Data Analytics, and Business Innovation: Opportunities and Challenges for Aspiring Technologists"
"1008336034",""The Role of Data Analysis and Statistical Modeling in Enhancing Portfolio Optimization for Finance Students""
"1003814571",""The Impact of Technological Advancements on Risk Management in Capital Markets: A Financial Analyst's Perspective""
"1008072185","The Role of Data Analytics in Enhancing Financial Risk Management and Investment Strategies in the Modern Finance Industry"
"1005342693",""The Intersection of Data Analytics and Music: Exploring How Machine Learning Innovations are Revolutionizing the Music Industry""
"1012135093",""The Role of Data-Driven Approaches in Transforming Financial Problem-Solving in Guangdong and Hong Kong: Insights from My Undergraduate Internships""
"1007743658",""Leveraging Quantitative Modeling Techniques in Video Game Development: Bridging Business Analytics and Game Design""
"1007927790","Analyzing the Intersection of Business Mathematics and Tennis: Strategic Decision-Making on and off the Court"
"1012859168","The Role of Artificial Intelligence in Enhancing Global Trade Compliance: Insights and Opportunities for Data Scientists"
"1005012102","The Role of Cross-Cultural Experiences in Shaping Global Data Strategies: Insights from an Aspiring Data Leader"
"1012098267",""The Role of Data Analytics in Modern Football: A Pathway to Enhanced Recruitment and Performance for Liverpool FC""
"1007967381",""The Impact of Artificial Intelligence on Personalized Healthcare: Opportunities and Challenges for Data Analysts""
"1012046803","Balancing Financial Acumen and Personal Passions: How Dancing and Fitness Can Enhance the Role of a Financial Consultant"
"1005106332","Leveraging Bilingual Communication Skills and Statistical Knowledge to Enhance Decision-Making in Global Business Analytics"
"1008126421","Leveraging Data Analytics in Financial Consulting: How Ivy Pan's Background in Economics and Statistics Can Transform Real-World Business Strategies"
"1007733909","Exploring the Intersection of Sports Analytics and Business Strategy: A Case Study on FC Barcelona and Denver Nuggets"
"1007894879",""The Role of Statistical Methods in Enhancing Business Strategies: Insights from an Aspiring Strategic Consultant""
"1005592351",""The Interplay of Technology and Creativity: How System Administration Skills Can Enhance a Career in Financial Analysis and Social Media Influence""
"1012829290",""Exploring the Impact of Artificial Intelligence on Social Innovation: Bridging Math, Technology, and Society""
"1004428452",""The Intersection of Data Engineering and Sports Analytics: Lessons from Badminton Match Statistics""
"1012136680","Exploring the Role of Deep Learning in Ethical AI Development: Balancing Innovation and Social Impact"
"1006174042",""Applying Mathematical Models in Sports Analytics: Revolutionizing Soccer Performance Analysis""
"1006835613","Exploring the Role of Data Analytics in Transforming Wealth Tech: A Case Study Approach"
"1007958453","The Role of Data Analytics in Modern Investment Strategies: Insights from Mathematics and Economics"
"1012085039","The Role of Artificial Intelligence in Transforming the Retail Banking Industry"
"1007715572",""Integrating Neural Network Models in Financial Forecasting: Bridging the Gap Between Theory and Practice""
"1007658241","The Impact of Artificial Intelligence and Large Language Models on Cybersecurity in Financial Institutions: Balancing Innovation and Risk Management"
"1004931032",""The Intersection of Mathematics and Entrepreneurship: Exploring How Mathematical Principles Can Enhance the Marketing Strategies of a Micro Ice Cream Business in the Competitive F1 Environment""
"1007112722","The Influence of Statistical Analysis in Enhancing Snowboarding Performance Techniques"
"1006927337","The Role of Data Analysis in Enhancing Credit Risk Management in Modern Banking: Opportunities and Challenges for Aspiring Professionals"
"1007731518","The Role of Python in Transforming Financial Analysis: A Deep Dive into Modern Data Analytics Applications in Global Finance"
"1007070820",""The Intersection of Data Analytics and Entrepreneurial Success: Applying Technical Skills in the Culinary World""
"1006071518","Leveraging Human-Centered Design in Data-Driven User Research: A Pathway for Innovating FinTech Interfaces"
"1006681226","Exploring the Impact of Data Analytics on the Global Entertainment Industry: A Case Study of K-pop's Rise to International Fame"
"1003870554","The Role of Mechatronics Engineering and Software Development in Shaping the Future of AI in Competitive Gaming and Sports Analytics"
"1006212634","The Role of Statistical Analysis in Advancing Machine Learning Algorithms: Insights from a Mathematics and Statistics Graduate"
"1006675545","Analyzing the Role of Machine Learning in Financial Risk Management: Insights and Applications for Emerging Market Economies"
"1007836665",""Exploring the Intersection of Data Analytics and Risk Management in Soccer Performance Metrics: Insights and Innovations""
"1007730449","The Intersection of Financial Risk Management and Personal Passion: Lessons from Snowboarding in Developing Analytical Skills for a Career in Business Analysis"
"1007881320","The Role of Data Analytics in Advancing Environmental Sustainability: A Pathway to Addressing Climate Change Through Economic Solutions"
"1008282519","The Role of Applied Mathematics and Statistical Techniques in Tuning Advanced GPT Models for AI-Driven Business Solutions"
"1007165737","The Role of Data Analytics in Shaping Sustainable Retail Strategies: Insights from Finance and Management Perspectives"
"1008551577","The Impact of Advanced Data Analytics on Financial Decision-Making: A Case Study of Emerging Technologies in the Finance Sector"
"1007730948","The Role of Data Science in Revolutionizing Investment Strategies: Insights from a Finance and Economics Perspective"
"1008142644",""The Role of Analytical Skills in Shaping Career Paths: Insights from a Student's Journey Through Finance and Sports""
"1007645979",""Utilizing Data Analytics in Enhancing Fan Engagement and Business Strategies in the Formula 1 Industry: A Case Study""
"1007849811",""The Role of Technology in Transforming Risk Assessment in Financial Markets: Insights from Qingyang Zhang's Internship Experiences and Entrepreneurial Ventures""
"1007728158",""The Intersection of Statistical Techniques and Digital Art: Enhancing Creativity Through Data Analysis""
"1004832201","The Role of Feature Engineering in Predictive Analytics for Banking: A Case Study on Credit Default Prediction"
"1007738245",""The Role of Advanced Analytics in Enhancing Credit Risk Management Systems: Insights from a Risk Management and Statistics Perspective""
"1008052250",""Leveraging Financial Acumen: The Role of Data Analysis in Enhancing Badminton Performance and Strategy""
"1008076920",""Analyzing the Intersection of Risk Management and Investment Analysis: Insights from a Mathematics and Financial Analysis Perspective""
